filename,number_ipv6_packets,number_flow_packets,number_ipv6_conversations,hop_by_hop_header,routing_header,fragment_header,destination_header,authentication_header,encapsulation_header,average_packet_length_per_traffic,min_packet_length_per_traffic,max_packet_length_per_traffic,average_packet_length_per_flow,min_packet_length_per_flow,max_packet_length_per_flow,average_number_packets_per_flow,min_number_packets_per_flow,max_number_packets_per_flow,average_ipg_per_traffic,packets_per_second,Sum A ← B,Min A ← B,Max A← B,Average Packets A ← B,Sum A → B,Min A → B,Max A → B,Average A → B,Min Length/Conversation (Bytes),Max Length/Conversation (Bytes),Average Length/Conversation (Bytes),Min Number Packets/Conversation,Max Number Packets/Conversation,Average Number Packets/Conversation,Min Duration/Conversation,Max Duration/Conversation,Average Duration/Conversation
equinix-nyc.dirA.20181115-125910.UTC.anon.ipv6.pcap,340975,51889,10666,0,0,421,0,0,0,193.27,50,1504,264.83 ,60,1504,2.22,1,2137,0.000145270,6883.767681123,306242,0,84042,28.7119,34312,0,1382,3.2169,0,11747137,6145.47,1,84042,31.92,0,49.5332,21.1244
equinix-nyc.dirA.20181115-130000.UTC.anon.ipv6.pcap,396702,62581,11795,0,0,536,0,0,0,181.59,50,1504,265.08 ,60,1504,2.07,1,927,0.000151247,6611.736474746,359036,0,106142,30.4396,37130,0,1265,3.1479,0,14825919,6070.76,1,106142,33.58,0,59.9989,24.7054
equinix-nyc.dirA.20181115-130100.UTC.anon.ipv6.pcap,409450,63208,11864,0,0,552,0,0,0,189.26,52,1504,277.66 ,60,1504,2.10,1,3155,0.000146538,6824.181224919,376508,0,103855,31.7353,32390,0,1158,2.7301,0,14530300,6492.65,1,103855,34.46,0,59.9997,24.3564
equinix-nyc.dirA.20181115-130200.UTC.anon.ipv6.pcap,426024,81414,12008,0,0,578,0,0,0,229.09,52,1504,453.98 ,60,1504,2.77,1,13073,0.000140837,7100.406627046,386592,0,104235,32.1945,38854,0,1470,3.2356,0,16774764,8085.41,1,104235,35.43,0,59.9995,25.2665
equinix-nyc.dirA.20181115-130300.UTC.anon.ipv6.pcap,429183,84297,12003,0,0,508,0,0,0,238.81,52,1569,558.06 ,60,1504,2.90,1,11230,0.000139800,7153.081235121,387266,0,103951,32.2641,41409,0,1212,3.4498,0,16542265,8503.00,1,103951,35.71,0,59.9997,24.0454
equinix-nyc.dirA.20181115-130400.UTC.anon.ipv6.pcap,407569,75615,12157,0,0,532,0,0,0,230.98,50,1559,534.81 ,60,1504,2.62,1,9448,0.000147214,6792.855385942,372849,0,103402,30.6694,34188,0,1395,2.8122,0,26390802,7704.46,1,103402,33.48,0,59.9985,23.3614
equinix-nyc.dirA.20181115-130500.UTC.anon.ipv6.pcap,417524,75182,11885,0,0,607,0,0,0,215.23,52,2060,481.66 ,60,1504,2.52,1,6964,0.000143704,6958.766967373,383684,0,104032,32.2830,33233,0,1060,2.7962,0,14553393,7517.86,1,104032,35.07,0,59.9991,24.9409
equinix-nyc.dirA.20181115-130600.UTC.anon.ipv6.pcap,418180,75966,11941,0,0,717,0,0,0,207.46,52,1504,382.46 ,60,1504,2.52,1,5591,0.000143477,6969.771910222,377403,0,104197,31.6056,40060,0,1250,3.3548,0,14593125,7212.02,1,104197,34.96,0,59.9990,24.6348
equinix-nyc.dirA.20181115-130700.UTC.anon.ipv6.pcap,435220,83483,11846,0,0,645,0,0,0,221.46,52,1504,479.58 ,60,1504,2.72,1,8416,0.000137861,7253.708979969,395816,0,103935,33.4134,38759,0,1275,3.2719,0,14545609,8089.21,1,103935,36.68,0,59.9991,25.1112
equinix-nyc.dirA.20181115-130800.UTC.anon.ipv6.pcap,409839,69379,11951,0,0,490,0,0,0,178.67,52,1504,296.63 ,60,1504,2.29,1,989,0.000146399,6830.684722647,368042,0,104247,30.7959,41307,0,1600,3.4563,0,14591504,6098.67,1,104247,34.25,0,59.9997,24.4440
equinix-nyc.dirA.20181115-130900.UTC.anon.ipv6.pcap,397198,63308,11904,0,0,531,0,0,0,148.14,52,1789,196.49 ,60,1504,2.04,1,1178,0.000151058,6619.999104662,359290,0,103600,30.1822,37377,0,1275,3.1398,0,14492015,4910.41,1,103600,33.32,0,59.9994,24.3277
equinix-nyc.dirA.20181115-131000.UTC.anon.ipv6.pcap,411771,64546,11930,0,0,515,0,0,0,157.60,52,1504,228.38 ,60,1504,2.18,1,1824,0.000145712,6862.867500312,366701,0,104120,30.7377,44555,0,1858,3.7347,0,14555796,5407.63,1,104120,34.47,0,59.9995,25.3447
equinix-nyc.dirA.20181115-131100.UTC.anon.ipv6.pcap,408089,65478,11847,0,0,557,0,0,0,174.96,52,1504,304.29 ,60,1504,2.20,1,1564,0.000147026,6801.519268026,362975,0,102753,30.6385,44557,0,1269,3.7610,0,14359437,5988.45,1,102753,34.39,0,59.9994,24.2643
equinix-nyc.dirA.20181115-131200.UTC.anon.ipv6.pcap,399730,68140,11978,0,0,646,0,0,0,174.04,52,1504,336.23 ,60,1504,2.28,1,4151,0.000150102,6662.173439876,359680,0,103993,30.0283,39404,0,1800,3.2896,0,14510671,5763.36,1,103993,33.31,0,59.9994,24.8621
equinix-nyc.dirA.20181115-131300.UTC.anon.ipv6.pcap,416984,73997,11927,0,0,660,0,0,0,170.70,52,2070,317.90 ,60,1504,2.44,1,3854,0.000143890,6949.794028201,375308,0,103599,31.4670,41016,0,1525,3.4389,0,14482085,5922.29,1,103599,34.90,0,59.9994,25.2114
equinix-nyc.dirA.20181115-131400.UTC.anon.ipv6.pcap,400509,65395,12088,0,0,546,0,0,0,160.79,52,1504,275.83 ,60,1504,2.22,1,3936,0.000149809,6675.173140600,354343,0,102630,29.3136,45620,0,2370,3.7739,0,14333380,5291.90,1,102630,33.08,0,59.9998,24.0450
equinix-nyc.dirA.20181115-131500.UTC.anon.ipv6.pcap,419397,71195,12040,0,0,482,0,0,0,165.80,52,1504,301.19 ,60,1504,2.32,1,6065,0.000143060,6990.072442768,373054,0,104943,30.9845,45861,0,1885,3.8090,0,14652756,5745.02,1,104943,34.79,0,59.9989,25.1110
equinix-nyc.dirA.20181115-131600.UTC.anon.ipv6.pcap,417083,70725,11849,0,0,470,0,0,0,204.87,52,1504,351.78 ,60,1504,2.34,1,6969,0.000143856,6951.419596572,374113,0,102468,31.5733,42500,0,1552,3.5868,0,14333187,7180.05,1,102468,35.16,0,59.9997,24.5239
equinix-nyc.dirA.20181115-131700.UTC.anon.ipv6.pcap,425414,78879,11965,0,0,560,0,0,0,253.83,52,1504,540.85 ,60,1504,2.70,1,8225,0.000141036,7090.401139493,380389,0,102238,31.7918,44465,0,1455,3.7162,0,16001022,8982.90,1,102238,35.50,0,59.9983,24.1177
equinix-nyc.dirA.20181115-131800.UTC.anon.ipv6.pcap,411501,66777,11948,0,0,575,0,0,0,214.93,52,1504,383.77 ,60,1504,2.25,1,9428,0.000145808,6858.359716009,373982,0,103728,31.3008,36944,0,1900,3.0920,0,14529470,7362.66,1,103728,34.39,0,59.9999,25.3083
equinix-nyc.dirA.20181115-131900.UTC.anon.ipv6.pcap,415789,77928,11897,0,0,654,0,0,0,224.82,52,1504,447.68 ,60,1504,2.65,1,11982,0.000144304,6929.853394889,375108,0,102258,31.5296,40027,0,1475,3.3644,0,17611935,7807.65,1,102258,34.89,0,59.9982,24.4202
equinix-nyc.dirA.20181115-132000.UTC.anon.ipv6.pcap,414872,81698,11943,0,0,668,0,0,0,219.23,52,1504,525.66 ,60,1504,2.74,1,7169,0.000144623,6914.554192238,377837,0,103870,31.6366,36367,0,1290,3.0450,0,14545186,7568.86,1,103870,34.68,0,59.9991,25.0231
equinix-nyc.dirA.20181115-132100.UTC.anon.ipv6.pcap,416959,76527,11830,0,0,640,0,0,0,201.68,52,1504,468.30 ,60,1504,2.59,1,9734,0.000143899,6949.346548856,375609,0,103585,31.7505,40710,0,2153,3.4412,0,14517127,7062.69,1,103585,35.19,0,59.9994,25.3195
equinix-nyc.dirA.20181115-132200.UTC.anon.ipv6.pcap,420139,77970,11971,0,0,577,0,0,0,215.65,52,1504,473.26 ,60,1504,2.58,1,9896,0.000142810,7002.351445012,375622,0,103520,31.3776,43940,0,1995,3.6705,0,14526387,7530.27,1,103520,35.04,0,59.9992,24.3339
equinix-nyc.dirA.20181115-132300.UTC.anon.ipv6.pcap,402138,74502,11856,0,0,515,0,0,0,204.58,52,1504,468.39 ,60,1504,2.54,1,6952,0.000149201,6702.363672454,360536,0,103009,30.4095,41087,0,1147,3.4655,0,14411228,6905.52,1,103009,33.87,0,59.9994,25.1373
equinix-nyc.dirA.20181115-132358.UTC.anon.ipv6.pcap,6797,1024,912,0,0,6,0,0,0,204.57,56,1496,548.47 ,60,1496,1.76,1,261,0.000167369,5975.710324430,6133,0,1976,6.7247,658,0,171,0.7214,0,383824,1521.04,1,1976,7.44,0,1.1374,.1479
equinix-nyc.dirA.20181115-132400.UTC.anon.ipv6.pcap,404835,68642,12048,0,0,555,0,0,0,181.27,52,1504,366.33 ,60,1504,2.28,1,2864,0.000148208,6747.282162044,362417,0,103656,30.0810,41863,0,1997,3.4746,0,14502425,6054.76,1,103656,33.55,0,59.9992,24.6402
equinix-nyc.dirA.20181115-132500.UTC.anon.ipv6.pcap,420516,74896,11976,0,0,587,0,0,0,231.93,52,1504,473.42 ,60,1504,2.63,1,3513,0.000142681,7008.663077967,380171,0,102049,31.7444,39758,0,1547,3.3198,0,14250991,8102.35,1,102049,35.06,0,59.9989,24.3985
equinix-nyc.dirA.20181115-132600.UTC.anon.ipv6.pcap,430564,74037,12156,0,0,705,0,0,0,220.72,52,1504,375.79 ,60,1504,2.56,1,3817,0.000139351,7176.135437964,385244,0,105009,31.6916,44615,0,1125,3.6702,0,14696205,7768.06,1,105009,35.36,0,59.9981,25.0046
equinix-nyc.dirA.20181115-132700.UTC.anon.ipv6.pcap,397719,62452,11962,0,0,599,0,0,0,165.86,52,1504,275.64 ,60,1504,2.14,1,1988,0.000150860,6628.661710635,354386,0,103589,29.6259,42734,0,1829,3.5724,0,14491084,5477.00,1,103589,33.19,0,59.9998,24.2431
equinix-nyc.dirA.20181115-132800.UTC.anon.ipv6.pcap,417531,73933,12205,0,0,708,0,0,0,188.38,52,1504,409.37 ,60,1504,2.53,1,7272,0.000143702,6958.858582592,373732,0,104339,30.6212,43091,0,1709,3.5306,0,14581536,6395.98,1,104339,34.15,0,59.9998,24.5423
equinix-nyc.dirA.20181115-132900.UTC.anon.ipv6.pcap,425818,88446,12149,0,0,603,0,0,0,234.64,52,1504,572.84 ,60,1504,2.96,1,11774,0.000140905,7096.982753160,383550,0,105847,31.5704,41665,0,1191,3.4295,0,17674368,8177.54,1,105847,35.00,0,59.9997,24.8386
equinix-nyc.dirA.20181115-133000.UTC.anon.ipv6.pcap,436144,91418,12235,0,0,702,0,0,0,242.43,52,1504,590.61 ,60,1504,3.02,1,15826,0.000137569,7269.094289224,392630,0,106089,32.0907,42812,0,1200,3.4991,0,23617788,8591.83,1,106089,35.58,0,59.9998,23.6189
equinix-nyc.dirA.20181115-133100.UTC.anon.ipv6.pcap,426569,78659,12170,0,0,543,0,0,0,208.79,52,1504,489.76 ,60,1504,2.70,1,9641,0.000140657,7109.506083752,386285,0,104631,31.7407,39741,0,1607,3.2654,0,14633962,7281.89,1,104631,35.00,0,59.9993,24.7321
equinix-nyc.dirA.20181115-133200.UTC.anon.ipv6.pcap,441078,86647,12179,0,0,729,0,0,0,230.54,52,1504,583.37 ,60,1504,2.99,1,11543,0.000136030,7351.332100816,396398,0,105478,32.5476,43951,0,2153,3.6087,0,17329509,8296.20,1,105478,36.15,0,59.9997,24.6345
equinix-nyc.dirA.20181115-133300.UTC.anon.ipv6.pcap,464196,111293,12207,0,0,549,0,0,0,284.60,52,1504,734.50 ,60,1504,3.76,1,6635,0.000129256,7736.618696828,416763,0,106760,34.1413,46884,0,2020,3.8407,0,42433163,10779.83,1,106760,37.98,0,59.9992,23.9049
equinix-nyc.dirA.20181115-133400.UTC.anon.ipv6.pcap,490681,113052,11817,0,0,513,0,0,0,293.88,56,2060,812.58 ,60,1504,3.90,1,8831,0.000122278,8178.081682416,427909,0,104349,36.2113,62259,0,23575,5.2685,0,55788295,12159.82,1,104349,41.47,0,59.9993,25.6998
equinix-nyc.dirA.20181115-133500.UTC.anon.ipv6.pcap,428826,80839,11303,0,0,600,0,0,14,236.94,52,1504,589.13 ,60,1504,2.79,1,8830,0.000139917,7147.123466388,385872,0,105076,34.1389,42354,0,3887,3.7471,0,14679553,8943.02,1,105076,37.88,0,59.9996,25.7222
equinix-nyc.dirA.20181115-133600.UTC.anon.ipv6.pcap,461957,103659,11767,0,0,635,0,0,2,277.02,52,1504,662.70 ,60,1504,3.56,1,5887,0.000129882,7699.324653042,414172,0,106025,35.1977,47150,0,1925,4.0069,0,26483522,10824.41,1,106025,39.20,0,59.9994,25.4026
equinix-nyc.dirA.20181115-133700.UTC.anon.ipv6.pcap,491425,145868,12194,0,0,591,0,0,3,360.22,52,1504,864.61 ,60,1504,4.99,1,8835,0.000122093,8190.507990830,443719,0,104129,36.3883,47115,0,6645,3.8637,0,73143998,14467.08,1,104129,40.25,0,59.9991,24.5751
equinix-nyc.dirA.20181115-133800.UTC.anon.ipv6.pcap,472037,128024,12310,0,0,669,0,0,1,346.53,52,1504,893.07 ,60,1504,4.42,1,13250,0.000127107,7867.422717839,431971,0,104937,35.0910,39397,0,3526,3.2004,0,68995268,13231.44,1,104937,38.29,0,59.9988,23.4753
equinix-nyc.dirA.20181115-133900.UTC.anon.ipv6.pcap,465927,120191,12105,0,0,745,0,0,0,304.52,52,2060,774.21 ,60,1504,4.15,1,7356,0.000128775,7765.509276720,421889,0,105575,34.8524,43293,0,2108,3.5764,0,62937611,11659.06,1,105575,38.42,0,59.9993,24.7322
equinix-nyc.dirA.20181115-134000.UTC.anon.ipv6.pcap,451208,103806,12146,0,0,507,0,0,0,302.76,52,1504,699.75 ,60,1504,3.72,1,5887,0.000132976,7520.179206426,408931,0,103632,33.6679,41770,0,1432,3.4389,0,40526108,11206.93,1,103632,37.10,0,59.9990,24.0647
equinix-nyc.dirA.20181115-134100.UTC.anon.ipv6.pcap,473274,124029,12108,0,0,602,0,0,0,317.54,52,1504,773.79 ,60,1504,4.31,1,8830,0.000126776,7887.924058168,422870,0,106669,34.9248,49802,0,4519,4.1131,0,50762684,12362.41,1,106669,39.03,0,59.9991,24.2421
equinix-nyc.dirA.20181115-134200.UTC.anon.ipv6.pcap,446518,95332,12188,0,0,634,0,0,0,261.06,52,1504,641.81 ,60,1504,3.27,1,7354,0.000134373,7441.984279362,401351,0,105883,32.9300,44533,0,1550,3.6538,0,32311587,9515.79,1,105883,36.58,0,59.9999,24.7532
equinix-nyc.dirA.20181115-134300.UTC.anon.ipv6.pcap,440256,92327,12197,0,0,577,0,0,0,250.46,52,1504,662.19 ,60,1504,3.16,1,8829,0.000136284,7337.616998812,400468,0,106204,32.8333,39211,0,1535,3.2148,0,16146055,8996.70,1,106204,36.04,0,59.9989,24.2140
equinix-nyc.dirA.20181115-134400.UTC.anon.ipv6.pcap,433218,85865,12348,0,0,616,0,0,0,219.08,52,1504,539.10 ,54,1504,3.00,1,10036,0.000138498,7220.326354191,392619,0,105804,31.7961,39983,0,1485,3.2380,0,14795583,7643.43,1,105804,35.03,0,59.9989,24.0565
equinix-nyc.dirA.20181115-134500.UTC.anon.ipv6.pcap,449803,79356,12464,0,0,686,0,0,0,298.50,52,1504,520.95 ,60,1504,2.73,1,6670,0.000133392,7496.730660563,414193,0,106185,33.2311,34924,0,1125,2.8019,0,44445099,10718.19,1,106185,36.03,0,59.9978,24.2475
equinix-nyc.dirA.20181115-134600.UTC.anon.ipv6.pcap,446269,84117,12014,0,0,590,0,0,0,244.47,52,3032,490.50 ,60,1504,2.84,1,7078,0.000134448,7437.857574883,402679,0,106224,33.5174,43000,0,1375,3.5791,0,19304329,9037.26,1,106224,37.09,0,59.9995,24.1120
equinix-nyc.dirA.20181115-134700.UTC.anon.ipv6.pcap,424016,78234,11920,0,0,608,0,0,0,218.56,52,1504,549.27 ,60,1504,2.76,1,8420,0.000141504,7066.956183158,385541,0,106374,32.3440,37867,0,1435,3.1767,0,14890768,7728.23,1,106374,35.52,0,59.9996,24.9767
equinix-nyc.dirA.20181115-134800.UTC.anon.ipv6.pcap,451772,104141,12023,0,0,786,0,0,0,253.61,52,1504,631.72 ,60,1504,3.69,1,13359,0.000132810,7529.568973293,406148,0,105877,33.7809,44838,0,1772,3.7293,0,30105914,9467.24,1,105877,37.51,0,59.9981,24.6618
equinix-nyc.dirA.20181115-134900.UTC.anon.ipv6.pcap,435894,102207,12017,0,0,637,0,0,0,289.78,52,2060,771.81 ,60,1504,3.59,1,11992,0.000137647,7265.000741343,398605,0,105878,33.1700,36652,0,1525,3.0500,0,42199134,10458.58,1,105878,36.22,0,59.9992,24.0925
equinix-nyc.dirA.20181115-135000.UTC.anon.ipv6.pcap,451593,100456,12005,0,0,739,0,0,0,278.55,52,1504,772.00 ,60,1504,3.56,1,7191,0.000132863,7526.558906428,413140,0,104425,34.4139,37714,0,2312,3.1415,0,36683111,10421.56,1,104425,37.55,0,59.9999,24.8629
equinix-nyc.dirA.20181115-135100.UTC.anon.ipv6.pcap,462467,112798,12281,0,0,754,0,0,0,322.44,52,1504,726.57 ,60,1504,3.93,1,9723,0.000129739,7707.807484463,422597,0,106734,34.4106,39116,0,1455,3.1850,0,28292750,12082.77,1,106734,37.59,0,59.9994,23.4051
equinix-nyc.dirA.20181115-135200.UTC.anon.ipv6.pcap,429656,90036,11923,0,0,749,0,0,0,260.19,52,1504,680.54 ,60,1504,3.25,1,12488,0.000139647,7160.940494273,391285,0,102934,32.8176,37622,0,1784,3.1554,0,22869297,9320.84,1,102934,35.97,0,59.9999,24.1613
equinix-nyc.dirA.20181115-135300.UTC.anon.ipv6.pcap,456955,119626,11887,0,0,698,0,0,0,329.15,52,1504,845.51 ,60,1504,4.30,1,15333,0.000131304,7615.951826977,421732,0,105307,35.4784,34525,0,1265,2.9044,0,41002676,12593.85,1,105307,38.38,0,59.9994,25.3621
equinix-nyc.dirA.20181115-135400.UTC.anon.ipv6.pcap,562301,220297,11816,0,0,611,0,0,0,540.66,52,1504,1141.25,60,1504,7.86,1,36128,0.000106704,9371.715821948,522620,0,116499,44.2298,39070,0,1297,3.3065,0,171885835,25661.17,1,116499,47.53,0,59.9997,24.1202
equinix-nyc.dirA.20181115-135500.UTC.anon.ipv6.pcap,438765,95016,11929,0,0,718,0,0,0,247.91,52,1504,629.39 ,60,1504,3.21,1,13215,0.000136747,7312.804114750,399749,0,107044,33.5106,38298,0,1525,3.2104,0,16910608,9062.24,1,107044,36.72,0,59.9986,25.2986
equinix-nyc.dirA.20181115-135600.UTC.anon.ipv6.pcap,446421,92522,12076,0,0,612,0,0,0,254.44,52,1504,579.14 ,60,1504,3.08,1,13101,0.000134402,7440.374553236,401497,0,104308,33.2475,44312,0,4389,3.6694,0,16772628,9360.40,1,104308,36.91,0,59.9995,24.6391
equinix-nyc.dirA.20181115-135700.UTC.anon.ipv6.pcap,421916,83069,11985,0,0,753,0,0,0,227.36,52,1545,520.27 ,60,1504,2.83,1,10992,0.000142209,7031.939896477,383134,0,107062,31.9677,38029,0,2106,3.1730,0,14978968,7946.77,1,107062,35.14,0,59.9983,24.2419
equinix-nyc.dirA.20181115-135800.UTC.anon.ipv6.pcap,439629,99489,11803,0,0,555,0,0,0,274.87,52,1504,721.52 ,60,1504,3.55,1,17365,0.000136477,7327.245498432,407735,0,105998,34.5450,31339,0,1110,2.6551,0,22223656,10193.08,1,105998,37.20,0,59.9987,25.3461
equinix-nyc.dirA.20181115-135900.UTC.anon.ipv6.pcap,463170,124691,12007,0,0,496,0,0,0,325.39,52,1504,818.62 ,60,1504,4.31,1,18323,0.000129542,7719.509778045,423007,0,105616,35.2300,39667,0,1550,3.3036,0,26981597,12507.60,1,105616,38.53,0,59.9992,23.4096
equinix-nyc.dirA.20181115-140000.UTC.anon.ipv6.pcap,498309,126205,12547,0,0,580,0,0,0,325.36,52,1504,857.82 ,60,1504,4.10,1,18975,0.000120407,8305.183082312,456992,0,113828,36.4224,40737,0,4528,3.2467,0,27923810,12873.95,1,113828,39.66,0,59.9997,23.5269
equinix-nyc.dirA.20181115-140100.UTC.anon.ipv6.pcap,83716,20922,6521,0,0,125,0,0,0,278.27,56,1504,685.51 ,60,1504,3.79,1,3597,0.000124930,8004.551300132,75863,0,20119,11.6336,7728,0,603,1.1850,0,5292979,3554.84,1,20119,12.81,0,10.4582,1.4297
equinix-nyc.dirB.20181115-125910.UTC.anon.ipv6.pcap,3862649,2073741,107257,0,0,82,0,0,0,480.90,52,1504,535.75 ,52,1504,4.13,1,25231,0.000012824,77979.815826956,916983,0,66096,8.5494,2945584,0,82086,27.4628,0,78379347,17299.24,1,82086,36.01,0,49.5336,13.4276
equinix-nyc.dirB.20181115-130000.UTC.anon.ipv6.pcap,4721452,2569279,119769,0,0,95,0,0,0,482.94,52,1504,539.14 ,52,1504,4.07,1,20761,0.000012708,78690.883716358,1113114,0,80730,9.2938,3608243,0,103723,30.1266,0,95823275,19017.56,1,103723,39.42,0,59.9995,16.6164
equinix-nyc.dirB.20181115-130100.UTC.anon.ipv6.pcap,4570339,2540096,121817,0,0,84,0,0,0,469.77,52,1504,528.98 ,52,1504,4.11,1,25468,0.000013128,76172.358561463,1106470,0,79623,9.0830,3463785,0,101163,28.4343,0,94461318,17605.88,1,101163,37.51,0,59.9997,16.2530
equinix-nyc.dirB.20181115-130200.UTC.anon.ipv6.pcap,4930175,2589845,126245,0,0,94,0,0,0,465.91,52,1504,543.57 ,52,1504,4.17,1,39275,0.000012170,82169.647699557,1190000,0,80868,9.4261,3740081,0,168788,29.6255,0,95985120,18176.91,1,168788,39.05,0,59.9998,15.9153
equinix-nyc.dirB.20181115-130300.UTC.anon.ipv6.pcap,4799655,2519733,125421,0,0,63,0,0,0,472.94,52,1504,560.77 ,52,1504,4.10,1,20722,0.000012501,79994.272665043,1168218,0,79759,9.3143,3631374,0,105731,28.9534,0,94605738,18079.52,1,105731,38.26,0,59.9991,15.7222
equinix-nyc.dirB.20181115-130400.UTC.anon.ipv6.pcap,4691994,2454613,122410,0,0,91,0,0,0,471.68,52,1504,569.40 ,52,1504,4.03,1,18040,0.000012788,78199.939099969,1159998,0,79530,9.4763,3531905,0,132174,28.8530,0,94336540,18059.43,1,132174,38.32,0,59.9998,15.9217
equinix-nyc.dirB.20181115-130500.UTC.anon.ipv6.pcap,4678685,2496857,119422,0,0,134,0,0,0,474.61,52,1504,558.70 ,52,1504,4.03,1,32212,0.000012824,77978.121022758,1121258,0,80574,9.3890,3557293,0,101833,29.7875,0,95571162,18573.43,1,101833,39.17,0,59.9991,16.5730
equinix-nyc.dirB.20181115-130600.UTC.anon.ipv6.pcap,4681453,2549918,116300,0,0,125,0,0,13,468.27,52,1504,548.74 ,52,1504,4.10,1,27472,0.000012817,78024.228370300,1108002,0,80587,9.5271,3573326,0,102262,30.7250,0,95586638,18829.13,1,102262,40.25,0,59.9993,16.9728
equinix-nyc.dirB.20181115-130700.UTC.anon.ipv6.pcap,4785267,2610904,117661,0,0,75,0,0,3,463.63,52,1504,543.93 ,52,1504,4.16,1,49574,0.000012538,79754.476584825,1090782,0,80094,9.2705,3694410,0,102045,31.3987,0,94954986,18836.53,1,102045,40.66,0,59.9997,16.6554
equinix-nyc.dirB.20181115-130800.UTC.anon.ipv6.pcap,4878893,2674971,121296,0,0,119,0,0,2,460.75,52,1504,520.54 ,52,1504,4.27,1,101816,0.000012298,81314.900951561,1102122,0,80100,9.0862,3776652,0,101962,31.1358,0,94889199,18513.33,1,101962,40.22,0,59.9998,16.3185
equinix-nyc.dirB.20181115-130900.UTC.anon.ipv6.pcap,4786404,2581674,124743,0,0,95,0,0,60,457.25,52,1504,534.65 ,56,1504,4.15,1,22522,0.000012536,79773.407977340,1097882,0,79606,8.8011,3688427,0,102025,29.5682,0,94425990,17526.16,1,102025,38.36,0,60.0000,15.8672
equinix-nyc.dirB.20181115-131000.UTC.anon.ipv6.pcap,4785935,2597073,124013,0,0,85,0,0,62,463.06,52,1504,542.56 ,52,1504,4.12,1,19180,0.000012537,79765.661769567,1112462,0,80562,8.9705,3673388,0,103532,29.6209,0,95575134,17851.99,1,103532,38.59,0,59.9997,16.0236
equinix-nyc.dirB.20181115-131100.UTC.anon.ipv6.pcap,4734998,2555832,118670,0,0,100,0,0,58,458.85,52,1504,537.41 ,52,1504,4.14,1,33590,0.000012672,78916.639909719,1123184,0,79470,9.4647,3611714,0,102151,30.4349,0,94307386,18289.69,1,102151,39.89,0,59.9997,16.5581
equinix-nyc.dirB.20181115-131200.UTC.anon.ipv6.pcap,4771846,2563002,118477,0,0,83,0,0,28,467.92,52,1504,550.23 ,52,1504,4.08,1,50919,0.000012574,79530.835593390,1158651,0,81076,9.7795,3613112,0,103164,30.4963,0,96280911,18826.94,1,103164,40.27,0,59.9994,16.7600
equinix-nyc.dirB.20181115-131300.UTC.anon.ipv6.pcap,4758321,2588316,122969,0,0,87,0,0,10,468.66,52,1504,558.71 ,52,1504,4.13,1,36230,0.000012609,79305.364539316,1169179,0,81029,9.5079,3589055,0,103970,29.1866,0,96224608,18115.26,1,103970,38.69,0,59.9996,16.1965
equinix-nyc.dirB.20181115-131400.UTC.anon.ipv6.pcap,4926841,2639137,122064,0,0,75,0,0,7,479.66,52,1504,559.70 ,52,1504,4.27,1,56413,0.000012178,82114.037195175,1255083,0,80281,10.2821,3671683,0,102319,30.0799,0,95251035,19341.70,1,102319,40.36,0,59.9995,16.1773
equinix-nyc.dirB.20181115-131500.UTC.anon.ipv6.pcap,5029076,2673400,123958,0,0,88,0,0,6,486.64,52,1504,560.41 ,52,1504,4.26,1,62194,0.000011931,83817.951493889,1273743,0,81415,10.2756,3755245,0,104687,30.2944,0,96739208,19723.34,1,104687,40.57,0,59.9997,16.0993
equinix-nyc.dirB.20181115-131600.UTC.anon.ipv6.pcap,4916850,2681249,125459,0,0,101,0,0,57,471.09,52,1504,570.98 ,52,1504,4.33,1,60721,0.000012203,81947.519121087,1277441,0,80291,10.1821,3639308,0,102500,29.0079,0,95448409,18443.62,1,102500,39.19,0,59.9994,15.7942
equinix-nyc.dirB.20181115-131700.UTC.anon.ipv6.pcap,4834862,2593076,124682,0,0,108,0,0,158,458.70,52,1504,550.24 ,52,1504,4.22,1,35996,0.000012410,80581.058850668,1212762,0,80705,9.7268,3621992,0,101673,29.0498,0,95845779,17770.57,1,101673,38.77,0,59.9999,16.0018
equinix-nyc.dirB.20181115-131800.UTC.anon.ipv6.pcap,4909648,2626712,120383,0,0,99,0,0,150,467.14,52,1504,551.99 ,52,1504,4.25,1,41143,0.000012221,81827.515763176,1260726,0,80758,10.4726,3648823,0,102874,30.3101,0,95892703,19033.26,1,102874,40.78,0,59.9999,16.4122
equinix-nyc.dirB.20181115-131900.UTC.anon.ipv6.pcap,4847682,2631564,118685,0,0,90,0,0,150,464.31,52,1504,553.12 ,52,1504,4.30,1,54545,0.000012377,80794.737704210,1262215,0,79744,10.6350,3585377,0,102225,30.2091,0,94692824,18947.85,1,102225,40.84,0,59.9991,16.6371
equinix-nyc.dirB.20181115-131947.UTC.anon.ipv6.pcap,984353,541043,50080,0,0,16,0,0,30,491.63,54,1504,589.45 ,57,1504,4.08,1,8577,0.000012281,81428.400428801,269710,0,16462,5.3855,714627,0,20962,14.2697,0,21005782,9653.63,1,20962,19.65,0,12.0875,2.5256
equinix-nyc.dirB.20181115-132000.UTC.anon.ipv6.pcap,4975628,2658594,120345,0,0,336,0,0,141,485.26,52,1504,593.85 ,52,1504,4.28,1,59879,0.000012059,82927.170650560,1337894,0,80435,11.1171,3637398,0,102894,30.2247,0,96161069,20042.08,1,102894,41.34,0,59.9998,16.5688
equinix-nyc.dirB.20181115-132100.UTC.anon.ipv6.pcap,4939389,2621960,123114,0,0,90,0,0,140,472.78,52,1504,569.57 ,52,1504,4.25,1,59753,0.000012147,82323.181557219,1261097,0,80569,10.2433,3678202,0,100886,29.8763,0,95777772,18950.16,1,100886,40.11,0,59.9991,16.2089
equinix-nyc.dirB.20181115-132200.UTC.anon.ipv6.pcap,4929979,2599404,125223,0,0,69,0,0,61,470.00,52,1504,547.40 ,52,1504,4.22,1,46980,0.000012170,82166.364597046,1298994,0,133086,10.3734,3630916,0,101721,28.9955,0,96466036,18485.94,1,133086,39.36,0,59.9998,15.9657
equinix-nyc.dirB.20181115-132300.UTC.anon.ipv6.pcap,4978825,2760309,125010,0,0,103,0,0,300,479.68,52,1504,539.07 ,52,1504,4.52,1,52868,0.000012051,82980.478902025,1212602,0,80046,9.7000,3766120,0,101196,30.1265,0,95061789,19085.07,1,101196,39.82,0,59.9997,15.9422
equinix-nyc.dirB.20181115-132400.UTC.anon.ipv6.pcap,4886255,2708328,123154,0,0,132,0,0,332,490.82,52,1504,549.47 ,52,1504,4.43,1,35074,0.000012279,81437.659341815,1238730,0,80118,10.0583,3647393,0,101329,29.6165,0,95186334,19452.68,1,101329,39.67,0,59.9999,16.2151
equinix-nyc.dirB.20181115-132500.UTC.anon.ipv6.pcap,4817217,2735798,121681,0,0,59,0,0,0,507.14,52,1504,582.65 ,52,1504,4.55,1,58917,0.000012455,80287.011553375,1262017,0,78779,10.3715,3555141,0,99585,29.2168,0,93516669,20054.66,1,99585,39.58,0,59.9994,16.0667
equinix-nyc.dirB.20181115-132600.UTC.anon.ipv6.pcap,4940380,2738071,124366,0,0,95,0,0,104,488.40,52,1504,565.66 ,52,1504,4.45,1,42782,0.000012145,82339.713325837,1254835,0,80274,10.0898,3685450,0,103239,29.6339,0,95253724,19380.94,1,103239,39.72,0,59.9993,16.0796
equinix-nyc.dirB.20181115-132700.UTC.anon.ipv6.pcap,4845738,2670639,122316,0,0,74,0,0,87,487.88,52,1504,556.06 ,52,1504,4.35,1,37596,0.000012382,80762.312114346,1203456,0,80642,9.8389,3642208,0,101977,29.7770,0,95834311,19308.41,1,101977,39.61,0,59.9993,16.4228
equinix-nyc.dirB.20181115-132800.UTC.anon.ipv6.pcap,4897025,2651051,120391,0,0,72,0,0,6,481.21,52,1504,543.25 ,52,1504,4.31,1,36339,0.000012252,81617.090134757,1194069,0,80385,9.9182,3702884,0,102617,30.7571,0,95486641,19555.05,1,102617,40.67,0,59.9998,16.6079
equinix-nyc.dirB.20181115-132900.UTC.anon.ipv6.pcap,5069906,2677255,125189,0,0,73,0,0,6,475.70,52,1504,543.99 ,52,1504,4.30,1,42395,0.000011835,84498.455866254,1225814,0,81046,9.7917,3844019,0,103612,30.7057,0,96299966,19245.76,1,103612,40.49,0,59.9994,16.0715
equinix-nyc.dirB.20181115-133000.UTC.anon.ipv6.pcap,5258636,2842234,126899,0,0,85,0,0,0,500.57,52,1504,570.53 ,52,1504,4.57,1,47715,0.000011410,87643.958165788,1434431,0,81038,11.3037,3824120,0,103639,30.1351,0,96436178,20721.76,1,103639,41.43,0,59.9998,15.7834
equinix-nyc.dirB.20181115-133100.UTC.anon.ipv6.pcap,5128044,2763723,124681,0,0,65,0,0,3,490.17,52,1504,564.68 ,52,1504,4.49,1,42367,0.000011700,85467.451280470,1331891,0,81028,10.6823,3796088,0,102601,30.4464,0,96454148,20140.04,1,102601,41.12,0,59.9994,16.1524
equinix-nyc.dirB.20181115-133200.UTC.anon.ipv6.pcap,4983390,2621611,122529,0,0,89,0,0,0,480.97,52,1504,541.06 ,52,1504,4.21,1,29022,0.000012040,83056.531838337,1214388,0,81218,9.9110,3768913,0,103250,30.7593,0,96595455,19541.60,1,103250,40.67,0,59.9999,16.3938
equinix-nyc.dirB.20181115-133300.UTC.anon.ipv6.pcap,5137560,2747227,123503,0,0,121,0,0,24,487.23,52,1504,540.65 ,52,1504,4.37,1,30309,0.000011679,85626.029969110,1330234,0,82170,10.7708,3807205,0,103858,30.8268,0,97757778,20247.50,1,103858,41.59,0,59.9998,16.2904
equinix-nyc.dirB.20181115-133400.UTC.anon.ipv6.pcap,4954119,2677075,122350,0,0,107,0,0,1217,484.89,52,1504,551.57 ,52,1504,4.33,1,54590,0.000012111,82568.683027473,1182688,0,81058,9.6664,3771324,0,102804,30.8240,0,100067052,19615.40,1,102804,40.49,0,59.9991,16.4738
equinix-nyc.dirB.20181115-133500.UTC.anon.ipv6.pcap,5040921,2814571,119330,0,0,117,0,0,1103,487.80,52,1504,557.32 ,52,1504,4.50,1,59257,0.000011903,84015.408810786,1235350,0,81591,10.3523,3805454,0,103383,31.8901,0,119009394,20585.63,1,103383,42.24,0,59.9996,16.8380
equinix-nyc.dirB.20181115-133600.UTC.anon.ipv6.pcap,5026904,2762615,120294,0,0,98,0,0,1149,485.91,52,1504,551.83 ,52,1504,4.36,1,46408,0.000011936,83781.798962409,1240242,0,83560,10.3100,3786564,0,103947,31.4775,0,125609003,20284.52,1,103947,41.78,0,59.9996,16.6853
equinix-nyc.dirB.20181115-133700.UTC.anon.ipv6.pcap,4951414,2702148,122611,0,0,131,0,0,1219,456.55,52,1504,513.05 ,52,1504,4.24,1,39100,0.000012118,82523.601051500,1127300,0,81122,9.1941,3823983,0,106371,31.1879,0,96523628,18418.24,1,106371,40.38,0,59.9999,16.4231
equinix-nyc.dirB.20181115-133800.UTC.anon.ipv6.pcap,5029868,2750522,122424,0,0,113,0,0,1103,470.65,52,1504,523.52 ,52,1504,4.29,1,28204,0.000011929,83831.151496749,1185851,0,82460,9.6864,3843904,0,106804,31.3982,0,98200394,19317.17,1,106804,41.08,0,59.9997,16.5043
equinix-nyc.dirB.20181115-133900.UTC.anon.ipv6.pcap,4953766,2672325,123114,0,0,89,0,0,1077,468.50,52,1504,530.82 ,52,1504,4.15,1,38119,0.000012112,82562.788683410,1168360,0,82900,9.4900,3785317,0,107564,30.7464,0,98731324,18832.05,1,107564,40.23,0,59.9996,16.3450
equinix-nyc.dirB.20181115-134000.UTC.anon.ipv6.pcap,4784318,2599451,123053,0,0,143,0,0,982,474.83,52,1504,527.42 ,52,1504,4.16,1,33733,0.000012541,79738.686492457,1115607,0,79965,9.0660,3668568,0,104140,29.8129,0,95239236,18443.53,1,104140,38.87,0,59.9994,16.1340
equinix-nyc.dirB.20181115-134100.UTC.anon.ipv6.pcap,4982328,2639900,127413,0,0,130,0,0,1103,466.41,52,1504,518.49 ,52,1504,4.12,1,33964,0.000012043,83038.829063590,1135433,0,82518,8.9114,3846765,0,105353,30.1913,0,98253170,18220.28,1,105353,39.10,0,59.9996,16.0002
equinix-nyc.dirB.20181115-134200.UTC.anon.ipv6.pcap,5157346,2798515,126219,0,0,140,0,0,1145,470.59,52,1504,545.55 ,52,1504,4.44,1,35087,0.000011634,85955.805346779,1174235,0,82748,9.3031,3982971,0,104224,31.5560,0,98574323,19209.52,1,104224,40.85,0,59.9998,16.1643
equinix-nyc.dirB.20181115-134300.UTC.anon.ipv6.pcap,5123527,2753385,125747,0,0,132,0,0,1125,460.72,52,1504,538.75 ,52,1504,4.35,1,52683,0.000011711,85392.143707512,1157915,0,82212,9.2082,3965480,0,104189,31.5353,0,97793983,18753.59,1,104189,40.74,0,59.9991,16.0680
equinix-nyc.dirB.20181115-134400.UTC.anon.ipv6.pcap,5097827,2752268,129848,0,0,141,0,0,1187,470.01,52,1504,549.51 ,52,1504,4.36,1,32742,0.000011770,84963.798910029,1173166,0,82202,9.1723,3924520,0,103769,30.6835,0,97788897,18715.46,1,103769,39.85,0,60.0000,15.8408
equinix-nyc.dirB.20181115-134500.UTC.anon.ipv6.pcap,5182978,2754870,123011,0,0,156,0,0,1098,467.60,52,1504,547.71 ,52,1504,4.32,1,52343,0.000011576,86382.981063830,1143956,0,82709,8.8099,4038866,0,104629,31.1045,0,98444988,18645.27,1,104629,39.91,0,59.9995,16.5868
equinix-nyc.dirB.20181115-134600.UTC.anon.ipv6.pcap,5302944,2867161,121365,0,0,113,0,0,1093,474.46,52,1504,553.63 ,52,1504,4.53,1,50707,0.000011314,88382.451556430,1221644,0,83289,9.9311,4081187,0,104230,33.1774,0,99241466,20434.62,1,104230,43.10,0,59.9998,16.7823
equinix-nyc.dirB.20181115-134700.UTC.anon.ipv6.pcap,5398268,2885548,123611,0,0,128,0,0,1092,447.98,52,1504,519.90 ,52,1504,4.54,1,59062,0.000011115,89971.193314128,1170518,0,82601,9.6446,4227622,0,104751,34.8339,0,98322056,19909.19,1,104751,44.47,0,59.9996,16.5351
equinix-nyc.dirB.20181115-134800.UTC.anon.ipv6.pcap,5374020,2911146,123611,0,0,106,0,0,1094,468.22,52,1504,543.92 ,52,1504,4.60,1,60888,0.000011165,89567.041797952,1218673,0,82431,9.8589,4155241,0,103764,33.6154,0,98185223,20338.01,1,103764,43.47,0,59.9996,16.5351
equinix-nyc.dirB.20181115-134900.UTC.anon.ipv6.pcap,5328782,2872711,125870,0,0,98,0,0,1113,436.76,52,1504,494.24 ,52,1504,4.53,1,72131,0.000011260,88813.144349763,1142323,0,82568,9.0754,4186361,0,104641,33.2594,0,98289867,18474.52,1,104641,42.33,0,59.9997,16.4028
equinix-nyc.dirB.20181115-135000.UTC.anon.ipv6.pcap,5406214,2858458,125218,0,0,85,0,0,1104,440.63,52,1504,499.42 ,52,1504,4.59,1,76076,0.000011098,90103.605711562,1205923,0,81814,9.6305,4200206,0,142299,33.5431,0,97500288,19007.48,1,142299,43.17,0,59.9997,16.1384
equinix-nyc.dirB.20181115-135100.UTC.anon.ipv6.pcap,5225090,2825583,129088,0,0,129,0,0,1111,446.46,52,1504,501.95,52,1504,4.47,1,32599,0.000011483,87084.943640928,1177303,0,82746,9.1201,4047658,0,104452,31.3558,0,98567791,18053.25,1,104452,40.47,0,59.9998,15.9987
